{
  "InputAlias": "TestDeviceData",
  "Type": "Data Stream",
  "Format": "Json",
  "FilePath": "C:\\Users\\juerg\\OneDrive\\Work\\Projects\\VS2017\\DeviceDataSessionWindows\\DeviceDataSessionWindows\\TestDeviceData5.json",
  "Sample": "{\r\n  \"deviceId\": \"06d968b4-db32-4d8e-bfd8-a44225dc0073\",\r\n  \"vehicleId\": \"981beeb9-4beb-4f53-9968-7812399803fe\",\r\n  \"deviceType\": \"Android\",\r\n  \"messageType\": \"DeviceData\",\r\n  \"startTime\": 1537544310000,\r\n  \"endTime\": 1537544369999,\r\n  \"accelerometers\": null,\r\n  \"gps\": [\r\n    {\r\n      \"latitude\": 81.73760986328125,\r\n      \"longitude\": 147.15765380859375,\r\n      \"altitude\": 513,\r\n      \"speed\": 71,\r\n      \"bearing\": 63.16168212890625,\r\n      \"accuracy\": 8,\r\n      \"timestamp\": 1537544310455\r\n    },\r\n    {\r\n      \"latitude\": 88.838729858398438,\r\n      \"longitude\": -130.93560791015625,\r\n      \"altitude\": 422,\r\n      \"speed\": 12,\r\n      \"bearing\": 24.530185699462891,\r\n      \"accuracy\": 3,\r\n      \"timestamp\": 1537544311455\r\n    },\r\n    {\r\n      \"latitude\": -27.493091583251953,\r\n      \"longitude\": -37.416488647460938,\r\n      \"altitude\": 409,\r\n      \"speed\": 44,\r\n      \"bearing\": 27.652423858642578,\r\n      \"accuracy\": 4,\r\n      \"timestamp\": 1537544312455\r\n    },\r\n    {\r\n      \"latitude\": -49.880268096923828,\r\n      \"longitude\": -114.15414428710938,\r\n      \"altitude\": 226,\r\n      \"speed\": 107,\r\n      \"bearing\": 80.882171630859375,\r\n      \"accuracy\": 7,\r\n      \"timestamp\": 1537544313455\r\n    },\r\n    {\r\n      \"latitude\": -4.2650375366210938,\r\n      \"longitude\": -3.0950164794921875,\r\n      \"altitude\": 290,\r\n      \"speed\": 9,\r\n      \"bearing\": 21.048492431640625,\r\n      \"accuracy\": 9,\r\n      \"timestamp\": 1537544314455\r\n    },\r\n    {\r\n      \"latitude\": 44.15106201171875,\r\n      \"longitude\": -142.09593200683594,\r\n      \"altitude\": 379,\r\n      \"speed\": 50,\r\n      \"bearing\": 9.9242467880249023,\r\n      \"accuracy\": 1,\r\n      \"timestamp\": 1537544315455\r\n    },\r\n    {\r\n      \"latitude\": 65.642105102539062,\r\n      \"longitude\": 138.60464477539063,\r\n      \"altitude\": 298,\r\n      \"speed\": 84,\r\n      \"bearing\": 61.727317810058594,\r\n      \"accuracy\": 2,\r\n      \"timestamp\": 1537544316455\r\n    },\r\n    {\r\n      \"latitude\": -56.160995483398438,\r\n      \"longitude\": 31.637039184570312,\r\n      \"altitude\": 396,\r\n      \"speed\": 102,\r\n      \"bearing\": 35.284259796142578,\r\n      \"accuracy\": 1,\r\n      \"timestamp\": 1537544317455\r\n    },\r\n    {\r\n      \"latitude\": -79.926094055175781,\r\n      \"longitude\": 95.61578369140625,\r\n      \"altitude\": 508,\r\n      \"speed\": 103,\r\n      \"bearing\": 4.0932211875915527,\r\n      \"accuracy\": 10,\r\n      \"timestamp\": 1537544318455\r\n    },\r\n    {\r\n      \"latitude\": 55.255508422851562,\r\n      \"longitude\": 82.08984375,\r\n      \"altitude\": 482,\r\n      \"speed\": 6,\r\n      \"bearing\": 55.8637580871582,\r\n      \"accuracy\": 6,\r\n      \"timestamp\": 1537544319455\r\n    },\r\n    {\r\n      \"latitude\": -54.416942596435547,\r\n      \"longitude\": 16.919357299804688,\r\n      \"altitude\": 342,\r\n      \"speed\": 118,\r\n      \"bearing\": 77.0361557006836,\r\n      \"accuracy\": 0,\r\n      \"timestamp\": 1537544320455\r\n    },\r\n    {\r\n      \"latitude\": 69.585678100585938,\r\n      \"longitude\": -143.51144409179688,\r\n      \"altitude\": 596,\r\n      \"speed\": 21,\r\n      \"bearing\": 31.268781661987305,\r\n      \"accuracy\": 8,\r\n      \"timestamp\": 1537544321455\r\n    },\r\n    {\r\n      \"latitude\": -53.532119750976562,\r\n      \"longitude\": 84.14996337890625,\r\n      \"altitude\": 473,\r\n      \"speed\": 8,\r\n      \"bearing\": 70.765426635742188,\r\n      \"accuracy\": 2,\r\n      \"timestamp\": 1537544322455\r\n    },\r\n    {\r\n      \"latitude\": -21.350715637207031,\r\n      \"longitude\": 74.255020141601562,\r\n      \"altitude\": 401,\r\n      \"speed\": 67,\r\n      \"bearing\": 24.512624740600586,\r\n      \"accuracy\": 0,\r\n      \"timestamp\": 1537544323455\r\n    },\r\n    {\r\n      \"latitude\": -44.736976623535156,\r\n      \"longitude\": -165.71662902832031,\r\n      \"altitude\": 212,\r\n      \"speed\": 66,\r\n      \"bearing\": 35.033008575439453,\r\n      \"accuracy\": 4,\r\n      \"timestamp\": 1537544324455\r\n    },\r\n    {\r\n      \"latitude\": 24.719581604003906,\r\n      \"longitude\": 3.4478607177734375,\r\n      \"altitude\": 520,\r\n      \"speed\": 97,\r\n      \"bearing\": 44.447711944580078,\r\n      \"accuracy\": 4,\r\n      \"timestamp\": 1537544325455\r\n    },\r\n    {\r\n      \"latitude\": -16.089752197265625,\r\n      \"longitude\": -109.02545928955078,\r\n      \"altitude\": 536,\r\n      \"speed\": 97,\r\n      \"bearing\": 51.142463684082031,\r\n      \"accuracy\": 3,\r\n      \"timestamp\": 1537544326455\r\n    },\r\n    {\r\n      \"latitude\": 66.835037231445312,\r\n      \"longitude\": -45.133377075195312,\r\n      \"altitude\": 402,\r\n      \"speed\": 68,\r\n      \"bearing\": 75.1337890625,\r\n      \"accuracy\": 9,\r\n      \"timestamp\": 1537544327455\r\n    },\r\n    {\r\n      \"latitude\": 9.5491790771484375,\r\n      \"longitude\": -70.487655639648438,\r\n      \"altitude\": 229,\r\n      \"speed\": 83,\r\n      \"bearing\": 74.243240356445312,\r\n      \"accuracy\": 5,\r\n      \"timestamp\": 1537544328455\r\n    },\r\n    {\r\n      \"latitude\": -35.868316650390625,\r\n      \"longitude\": -119.41562652587891,\r\n      \"altitude\": 510,\r\n      \"speed\": 19,\r\n      \"bearing\": 33.450160980224609,\r\n      \"accuracy\": 10,\r\n      \"timestamp\": 1537544329455\r\n    },\r\n    {\r\n      \"latitude\": 54.147003173828125,\r\n      \"longitude\": -148.81195068359375,\r\n      \"altitude\": 437,\r\n      \"speed\": 79,\r\n      \"bearing\": 66.400177001953125,\r\n      \"accuracy\": 8,\r\n      \"timestamp\": 1537544330455\r\n    },\r\n    {\r\n      \"latitude\": 86.256362915039062,\r\n      \"longitude\": -49.512542724609375,\r\n      \"altitude\": 472,\r\n      \"speed\": 53,\r\n      \"bearing\": 62.115764617919922,\r\n      \"accuracy\": 0,\r\n      \"timestamp\": 1537544331455\r\n    },\r\n    {\r\n      \"latitude\": -6.8512344360351562,\r\n      \"longitude\": 135.47830200195313,\r\n      \"altitude\": 400,\r\n      \"speed\": 99,\r\n      \"bearing\": 75.683212280273438,\r\n      \"accuracy\": 1,\r\n      \"timestamp\": 1537544332455\r\n    },\r\n    {\r\n      \"latitude\": 58.213577270507812,\r\n      \"longitude\": -115.58319091796875,\r\n      \"altitude\": 488,\r\n      \"speed\": 64,\r\n      \"bearing\": 1.4359176158905029,\r\n      \"accuracy\": 1,\r\n      \"timestamp\": 1537544333455\r\n    },\r\n    {\r\n      \"latitude\": 54.704193115234375,\r\n      \"longitude\": 130.01953125,\r\n      \"altitude\": 489,\r\n      \"speed\": 64,\r\n      \"bearing\": 12.125476837158203,\r\n      \"accuracy\": 2,\r\n      \"timestamp\": 1537544334455\r\n    },\r\n    {\r\n      \"latitude\": -15.869598388671875,\r\n      \"longitude\": 114.63595581054688,\r\n      \"altitude\": 374,\r\n      \"speed\": 55,\r\n      \"bearing\": 11.084751129150391,\r\n      \"accuracy\": 5,\r\n      \"timestamp\": 1537544335455\r\n    },\r\n    {\r\n      \"latitude\": -58.969581604003906,\r\n      \"longitude\": -111.24189758300781,\r\n      \"altitude\": 229,\r\n      \"speed\": 40,\r\n      \"bearing\": 71.713874816894531,\r\n      \"accuracy\": 7,\r\n      \"timestamp\": 1537544336455\r\n    },\r\n    {\r\n      \"latitude\": -21.126808166503906,\r\n      \"longitude\": -160.68846130371094,\r\n      \"altitude\": 550,\r\n      \"speed\": 25,\r\n      \"bearing\": 12.648884773254395,\r\n      \"accuracy\": 1,\r\n      \"timestamp\": 1537544337455\r\n    },\r\n    {\r\n      \"latitude\": 8.7945785522460938,